{
    "foreground_mean": {
        "Dice": 0.7264851453326299,
        "FN": 26067.399999999998,
        "FP": 2637.3,
        "Hausdorff": 15.499461897763066,
        "Hausdorff95": 7.659776933046761,
        "IoU": 0.602552680757215,
        "TN": 48692391.85000001,
        "TP": 90116.25,
        "n_pred": 92753.54999999999,
        "n_ref": 116183.65
    },
    "mean": {
        "1": {
            "Dice": 0.41228339144316156,
            "FN": 14760.6,
            "FP": 160.6,
            "Hausdorff": 18.816400793680657,
            "Hausdorff95": 11.99186853252591,
            "IoU": 0.26218101590338533,
            "TN": 48790548.2,
            "TP": 5743.4,
            "n_pred": 5904.0,
            "n_ref": 20504.0
        },
        "2": {
            "Dice": 0.9026632527718086,
            "FN": 49468.6,
            "FP": 9172.2,
            "Hausdorff": 9.030269228955024,
            "Hausdorff95": 4.220647470758526,
            "IoU": 0.8237759781351294,
            "TN": 48476567.6,
            "TP": 276004.4,
            "n_pred": 285176.6,
            "n_ref": 325473.0
        },
        "3": {
            "Dice": 0.7978837879056503,
            "FN": 6565.2,
            "FP": 299.6,
            "Hausdorff": 20.814561568681206,
            "Hausdorff95": 7.904901574399771,
            "IoU": 0.6659562176400641,
            "TN": 48790644.4,
            "TP": 13703.6,
            "n_pred": 14003.2,
            "n_ref": 20268.8
        },
        "4": {
            "Dice": 0.7931101492098991,
            "FN": 33475.2,
            "FP": 916.8,
            "Hausdorff": 13.336615999735372,
            "Hausdorff95": 6.521690154502835,
            "IoU": 0.6582975113502811,
            "TN": 48711807.2,
            "TP": 65013.6,
            "n_pred": 65930.4,
            "n_ref": 98488.8
        }
    },
    "metric_per_case": [
        {
            "metrics": {
                "1": {
                    "Dice": 0.5391982333190617,
                    "FN": 20413,
                    "FP": 36,
                    "Hausdorff": 13.379088160259652,
                    "Hausdorff95": 7.874007874011811,
                    "IoU": 0.3691111591028291,
                    "TN": 59998563,
                    "TP": 11964,
                    "n_pred": 12000,
                    "n_ref": 32377
                },
                "2": {
                    "Dice": 0.9215169611343812,
                    "FN": 52465,
                    "FP": 880,
                    "Hausdorff": 10.392304845413264,
                    "Hausdorff95": 4.123105625617661,
                    "IoU": 0.8544566098171192,
                    "TN": 59664453,
                    "TP": 313178,
                    "n_pred": 314058,
                    "n_ref": 365643
                },
                "3": {
                    "Dice": 0.8015700280893651,
                    "FN": 10464,
                    "FP": 203,
                    "Hausdorff": 37.749172176353746,
                    "Hausdorff95": 21.0047592083257,
                    "IoU": 0.668850117968459,
                    "TN": 59998764,
                    "TP": 21545,
                    "n_pred": 21748,
                    "n_ref": 32009
                },
                "4": {
                    "Dice": 0.7696173641409281,
                    "FN": 39784,
                    "FP": 189,
                    "Hausdorff": 17.944358444926362,
                    "Hausdorff95": 6.708203932499369,
                    "IoU": 0.6255105864718007,
                    "TN": 59924236,
                    "TP": 66767,
                    "n_pred": 66956,
                    "n_ref": 106551
                }
            },
            "prediction_file": "/home/kdignumsepu/AI4MI/data/nnUNet_dataset/nnUNet_raw/nnUNet_raw_data/Dataset055_SegTHOR_Corrected_GT/3d_CRF_predictionsV2/Patient_01.nii.gz",
            "reference_file": "/home/kdignumsepu/AI4MI/data/nnUNet_dataset/nnUNet_raw/nnUNet_raw_data/Dataset055_SegTHOR_Corrected_GT/labelsTs/Patient_01.nii.gz"
        },
        {
            "metrics": {
                "1": {
                    "Dice": 0.3695086098278034,
                    "FN": 14661,
                    "FP": 351,
                    "Hausdorff": 29.58039891549808,
                    "Hausdorff95": 18.05547008526779,
                    "IoU": 0.22662407913038998,
                    "TN": 52147245,
                    "TP": 4399,
                    "n_pred": 4750,
                    "n_ref": 19060
                },
                "2": {
                    "Dice": 0.8878250091746931,
                    "FN": 56935,
                    "FP": 24066,
                    "Hausdorff": 9.433981132056603,
                    "Hausdorff95": 4.358898943540674,
                    "IoU": 0.798278163507227,
                    "TN": 51765108,
                    "TP": 320547,
                    "n_pred": 344613,
                    "n_ref": 377482
                },
                "3": {
                    "Dice": 0.7990398268983704,
                    "FN": 5642,
                    "FP": 302,
                    "Hausdorff": 13.0,
                    "Hausdorff95": 2.449489742783178,
                    "IoU": 0.6653341591126626,
                    "TN": 52148895,
                    "TP": 11817,
                    "n_pred": 12119,
                    "n_ref": 17459
                },
                "4": {
                    "Dice": 0.8262203120602559,
                    "FN": 33326,
                    "FP": 3105,
                    "Hausdorff": 14.177446878757825,
                    "Hausdorff95": 7.615773105863909,
                    "IoU": 0.7038972650058927,
                    "TN": 52043621,
                    "TP": 86604,
                    "n_pred": 89709,
                    "n_ref": 119930
                }
            },
            "prediction_file": "/home/kdignumsepu/AI4MI/data/nnUNet_dataset/nnUNet_raw/nnUNet_raw_data/Dataset055_SegTHOR_Corrected_GT/3d_CRF_predictionsV2/Patient_06.nii.gz",
            "reference_file": "/home/kdignumsepu/AI4MI/data/nnUNet_dataset/nnUNet_raw/nnUNet_raw_data/Dataset055_SegTHOR_Corrected_GT/labelsTs/Patient_06.nii.gz"
        },
        {
            "metrics": {
                "1": {
                    "Dice": 0.35056350238404854,
                    "FN": 11791,
                    "FP": 195,
                    "Hausdorff": 17.72004514666935,
                    "Hausdorff95": 13.92838827718412,
                    "IoU": 0.21253531305433282,
                    "TN": 44811403,
                    "TP": 3235,
                    "n_pred": 3430,
                    "n_ref": 15026
                },
                "2": {
                    "Dice": 0.892464284478882,
                    "FN": 48224,
                    "FP": 1516,
                    "Hausdorff": 9.797958971132712,
                    "Hausdorff95": 5.0,
                    "IoU": 0.8058108393000757,
                    "TN": 44570482,
                    "TP": 206402,
                    "n_pred": 207918,
                    "n_ref": 254626
                },
                "3": {
                    "Dice": 0.8738290957751864,
                    "FN": 3555,
                    "FP": 405,
                    "Hausdorff": 3.1622776601683795,
                    "Hausdorff95": 1.4142135623730951,
                    "IoU": 0.7759293838058055,
                    "TN": 44808951,
                    "TP": 13713,
                    "n_pred": 14118,
                    "n_ref": 17268
                },
                "4": {
                    "Dice": 0.7730846484935437,
                    "FN": 30660,
                    "FP": 972,
                    "Hausdorff": 10.198039027185569,
                    "Hausdorff95": 5.0990195135927845,
                    "IoU": 0.6301043079657608,
                    "TN": 44741108,
                    "TP": 53884,