{
    "foreground_mean": {
        "Dice": 0.7074599631112546,
        "FN": 28409.65,
        "FP": 3863.4499999999994,
        "Hausdorff": 17.06913924740438,
        "Hausdorff95": 8.44945723741257,
        "IoU": 0.587710349208747,
        "TN": 48691165.699999996,
        "TP": 87774.0,
        "n_pred": 91637.45000000001,
        "n_ref": 116183.65
    },
    "mean": {
        "1": {
            "Dice": 0.3782129761952467,
            "FN": 15025.0,
            "FP": 112.8,
            "Hausdorff": 17.72302837021081,
            "Hausdorff95": 11.563029777396697,
            "IoU": 0.24222848336353703,
            "TN": 48790596.0,
            "TP": 5479.0,
            "n_pred": 5591.8,
            "n_ref": 20504.0
        },
        "2": {
            "Dice": 0.8899732966600133,
            "FN": 51212.6,
            "FP": 14408.8,
            "Hausdorff": 11.255038759647906,
            "Hausdorff95": 5.501654086550433,
            "IoU": 0.8036720770239857,
            "TN": 48471331.0,
            "TP": 274260.4,
            "n_pred": 288669.2,
            "n_ref": 325473.0
        },
        "3": {
            "Dice": 0.8397727641670784,
            "FN": 5338.2,
            "FP": 523.8,
            "Hausdorff": 21.566438288548063,
            "Hausdorff95": 7.788108893648707,
            "IoU": 0.724897893758552,
            "TN": 48790420.2,
            "TP": 14930.6,
            "n_pred": 15454.4,
            "n_ref": 20268.8
        },
        "4": {
            "Dice": 0.7218808154226803,
            "FN": 42062.8,
            "FP": 408.4,
            "Hausdorff": 17.73205157121074,
            "Hausdorff95": 8.94503619205444,
            "IoU": 0.5800429426889134,
            "TN": 48712315.6,
            "TP": 56426.0,
            "n_pred": 56834.4,
            "n_ref": 98488.8
        }
    },
    "metric_per_case": [
        {
            "metrics": {
                "1": {
                    "Dice": 0.5391828382541431,
                    "FN": 20388,
                    "FP": 105,
                    "Hausdorff": 15.264337522473747,
                    "Hausdorff95": 9.433981132056603,
                    "IoU": 0.36909673049689057,
                    "TN": 59998494,
                    "TP": 11989,
                    "n_pred": 12094,
                    "n_ref": 32377
                },
                "2": {
                    "Dice": 0.9178950631182798,
                    "FN": 51744,
                    "FP": 4412,
                    "Hausdorff": 10.392304845413264,
                    "Hausdorff95": 4.123105625617661,
                    "IoU": 0.8482495845212198,
                    "TN": 59660921,
                    "TP": 313899,
                    "n_pred": 318311,
                    "n_ref": 365643
                },
                "3": {
                    "Dice": 0.8053410374650444,
                    "FN": 10266,
                    "FP": 245,
                    "Hausdorff": 38.535697735995385,
                    "Hausdorff95": 21.42428528562855,
                    "IoU": 0.6741179388602964,
                    "TN": 59998722,
                    "TP": 21743,
                    "n_pred": 21988,
                    "n_ref": 32009
                },
                "4": {
                    "Dice": 0.5443977734521737,
                    "FN": 66697,
                    "FP": 10,
                    "Hausdorff": 24.859605789312106,
                    "Hausdorff95": 11.704699910719626,
                    "IoU": 0.37400174547911524,
                    "TN": 59924415,
                    "TP": 39854,
                    "n_pred": 39864,
                    "n_ref": 106551
                }
            },
            "prediction_file": "/home/kdignumsepu/AI4MI/data/nnUNet_dataset/nnUNet_raw/nnUNet_raw_data/Dataset055_SegTHOR_Corrected_GT/CRF_predictionsV2/Patient_01.nii.gz",
            "reference_file": "/home/kdignumsepu/AI4MI/data/nnUNet_dataset/nnUNet_raw/nnUNet_raw_data/Dataset055_SegTHOR_Corrected_GT/labelsTs/Patient_01.nii.gz"
        },
        {
            "metrics": {
                "1": {
                    "Dice": 0.4254109504387591,
                    "FN": 13897,
                    "FP": 50,
                    "Hausdorff": 11.445523142259598,
                    "Hausdorff95": 6.708203932499369,
                    "IoU": 0.27017268445839876,
                    "TN": 52147546,
                    "TP": 5163,
                    "n_pred": 5213,
                    "n_ref": 19060
                },
                "2": {
                    "Dice": 0.8737393418008508,
                    "FN": 56845,
                    "FP": 35823,
                    "Hausdorff": 8.602325267042627,
                    "Hausdorff95": 6.0,
                    "IoU": 0.7757878564256421,
                    "TN": 51753351,
                    "TP": 320637,
                    "n_pred": 356460,
                    "n_ref": 377482
                },
                "3": {
                    "Dice": 0.8465938322791514,
                    "FN": 3472,
                    "FP": 1597,
                    "Hausdorff": 19.1049731745428,
                    "Hausdorff95": 4.242640687119285,
                    "IoU": 0.7339945424013434,
                    "TN": 52147600,
                    "TP": 13987,
                    "n_pred": 15584,
                    "n_ref": 17459
                },
                "4": {
                    "Dice": 0.8671432139137975,
                    "FN": 27917,
                    "FP": 278,
                    "Hausdorff": 13.45362404707371,
                    "Hausdorff95": 6.0,
                    "IoU": 0.7654482230799947,
                    "TN": 52046448,
                    "TP": 92013,
                    "n_pred": 92291,
                    "n_ref": 119930
                }
            },
            "prediction_file": "/home/kdignumsepu/AI4MI/data/nnUNet_dataset/nnUNet_raw/nnUNet_raw_data/Dataset055_SegTHOR_Corrected_GT/CRF_predictionsV2/Patient_06.nii.gz",
            "reference_file": "/home/kdignumsepu/AI4MI/data/nnUNet_dataset/nnUNet_raw/nnUNet_raw_data/Dataset055_SegTHOR_Corrected_GT/labelsTs/Patient_06.nii.gz"
        },
        {
            "metrics": {
                "1": {
                    "Dice": 0.10779874213836478,
                    "FN": 14169,
                    "FP": 17,
                    "Hausdorff": 26.153393661244042,
                    "Hausdorff95": 17.05872210923198,
                    "IoU": 0.056970019278069536,
                    "TN": 44811581,
                    "TP": 857,
                    "n_pred": 874,
                    "n_ref": 15026
                },
                "2": {
                    "Dice": 0.8442014733228437,
                    "FN": 65768,
                    "FP": 3940,
                    "Hausdorff": 11.789826122551595,
                    "Hausdorff95": 9.0,
                    "IoU": 0.7304053897264141,
                    "TN": 44568058,
                    "TP": 188858,
                    "n_pred": 192798,
                    "n_ref": 254626
                },
                "3": {
                    "Dice": 0.8903201482924377,
                    "FN": 3099,
                    "FP": 392,
                    "Hausdorff": 8.774964387392123,
                    "Hausdorff95": 2.0,
                    "IoU": 0.802321630804077,
                    "TN": 44808964,
                    "TP": 14169,
                    "n_pred": 14561,
                    "n_ref": 17268
                },
                "4": {
                    "Dice": 0.6584940362953198,
                    "FN": 42834,
                    "FP": 429,
                    "Hausdorff": 15.652475842498529,
                    "Hausdorff95": 8.06225774829855,
                    "IoU": 0.4908618031610041,
                    "TN": 44741651,
                    "TP": 41710,
                    "n_pred": 42139,