{
    "foreground_mean": {
        "Dice": 0.8831624275005844,
        "FN": 10130.6,
        "FP": 9523.5,
        "IoU": 0.7969232682611733,
        "TN": 48685505.650000006,
        "TP": 106053.05,
        "n_pred": 115576.54999999999,
        "n_ref": 116183.65
    },
    "mean": {
        "1": {
            "Dice": 0.7872054717113792,
            "FN": 4750.2,
            "FP": 3061.4,
            "IoU": 0.6541871316017622,
            "TN": 48787647.4,
            "TP": 15753.8,
            "n_pred": 18815.2,
            "n_ref": 20504.0
        },
        "2": {
            "Dice": 0.9159014728394034,
            "FN": 26757.6,
            "FP": 25805.2,
            "IoU": 0.8464489970236478,
            "TN": 48459934.6,
            "TP": 298715.4,
            "n_pred": 324520.6,
            "n_ref": 325473.0
        },
        "3": {
            "Dice": 0.9040005461795445,
            "FN": 1643.8,
            "FP": 2140.6,
            "IoU": 0.8254041686323129,
            "TN": 48788803.4,
            "TP": 18625.0,
            "n_pred": 20765.6,
            "n_ref": 20268.8
        },
        "4": {
            "Dice": 0.9255422192720104,
            "FN": 7370.8,
            "FP": 7086.8,
            "IoU": 0.8616527757869706,
            "TN": 48705637.2,
            "TP": 91118.0,
            "n_pred": 98204.8,
            "n_ref": 98488.8
        }
    },
    "metric_per_case": [
        {
            "metrics": {
                "1": {
                    "Dice": 0.8687945603379984,
                    "FN": 6056,
                    "FP": 1894,
                    "IoU": 0.7680254442531587,
                    "TN": 59996705,
                    "TP": 26321,
                    "n_pred": 28215,
                    "n_ref": 32377
                },
                "2": {
                    "Dice": 0.9572849894917725,
                    "FN": 19696,
                    "FP": 11177,
                    "IoU": 0.9180696353696726,
                    "TN": 59654156,
                    "TP": 345947,
                    "n_pred": 357124,
                    "n_ref": 365643
                },
                "3": {
                    "Dice": 0.933714304268065,
                    "FN": 3252,
                    "FP": 831,
                    "IoU": 0.8756699147381243,
                    "TN": 59998136,
                    "TP": 28757,
                    "n_pred": 29588,
                    "n_ref": 32009
                },
                "4": {
                    "Dice": 0.9436795306627556,
                    "FN": 3605,
                    "FP": 8683,
                    "IoU": 0.8933648055261468,
                    "TN": 59915742,
                    "TP": 102946,
                    "n_pred": 111629,
                    "n_ref": 106551
                }
            },
            "prediction_file": "/home/kdignumsepu/AI4MI/data/nnUNet_dataset/nnUNet_raw/nnUNet_raw_data/Dataset058_SegTHOR_Elastic/predictions/Patient_01.nii.gz",
            "reference_file": "/home/kdignumsepu/AI4MI/data/nnUNet_dataset/nnUNet_raw/nnUNet_raw_data/Dataset055_SegTHOR_Corrected_GT/labelsTs/Patient_01.nii.gz"
        },
        {
            "metrics": {
                "1": {
                    "Dice": 0.8030359126249538,
                    "FN": 3877,
                    "FP": 3571,
                    "IoU": 0.670893906588308,
                    "TN": 52144025,
                    "TP": 15183,
                    "n_pred": 18754,
                    "n_ref": 19060
                },
                "2": {
                    "Dice": 0.9035444297168571,
                    "FN": 30511,
                    "FP": 43569,
                    "IoU": 0.8240593182298581,
                    "TN": 51745605,
                    "TP": 346971,
                    "n_pred": 390540,
                    "n_ref": 377482
                },
                "3": {
                    "Dice": 0.8905128746306459,
                    "FN": 582,
                    "FP": 3568,
                    "IoU": 0.8026347077566938,
                    "TN": 52145629,
                    "TP": 16877,
                    "n_pred": 20445,
                    "n_ref": 17459
                },
                "4": {
                    "Dice": 0.9184589089873237,
                    "FN": 16754,
                    "FP": 1566,
                    "IoU": 0.8492131428195167,
                    "TN": 52045160,
                    "TP": 103176,
                    "n_pred": 104742,
                    "n_ref": 119930
                }
            },
            "prediction_file": "/home/kdignumsepu/AI4MI/data/nnUNet_dataset/nnUNet_raw/nnUNet_raw_data/Dataset058_SegTHOR_Elastic/predictions/Patient_06.nii.gz",
            "reference_file": "/home/kdignumsepu/AI4MI/data/nnUNet_dataset/nnUNet_raw/nnUNet_raw_data/Dataset055_SegTHOR_Corrected_GT/labelsTs/Patient_06.nii.gz"
        },
        {
            "metrics": {
                "1": {
                    "Dice": 0.673772439281943,
                    "FN": 4817,
                    "FP": 5069,
                    "IoU": 0.5080368250808659,
                    "TN": 44806529,
                    "TP": 10209,
                    "n_pred": 15278,
                    "n_ref": 15026
                },
                "2": {
                    "Dice": 0.8618272408444054,
                    "FN": 50173,
                    "FP": 15385,
                    "IoU": 0.7572024843432305,
                    "TN": 44556613,
                    "TP": 204453,
                    "n_pred": 219838,
                    "n_ref": 254626
                },
                "3": {
                    "Dice": 0.8985491584038041,
                    "FN": 639,
                    "FP": 3116,
                    "IoU": 0.8157868916797488,
                    "TN": 44806240,
                    "TP": 16629,
                    "n_pred": 19745,
                    "n_ref": 17268
                },
                "4": {
                    "Dice": 0.9073359723742946,
                    "FN": 3748,
                    "FP": 12755,
                    "IoU": 0.8303888015293066,
                    "TN": 44729325,
                    "TP": 80796,
                    "n_pred": 93551,
                    "n_ref": 84544
                }
            },
            "prediction_file": "/home/kdignumsepu/AI4MI/data/nnUNet_dataset/nnUNet_raw/nnUNet_raw_data/Dataset058_SegTHOR_Elastic/predictions/Patient_08.nii.gz",
            "reference_file": "/home/kdignumsepu/AI4MI/data/nnUNet_dataset/nnUNet_raw/nnUNet_raw_data/Dataset055_SegTHOR_Corrected_GT/labelsTs/Patient_08.nii.gz"
        },
        {
            "metrics": {
                "1": {
                    "Dice": 0.8364414896613894,
                    "FN": 3147,
                    "FP": 2659,
                    "IoU": 0.7188650009684292,
                    "TN": 45330260,
                    "TP": 14846,
                    "n_pred": 17505,
                    "n_ref": 17993
                },
                "2": {
                    "Dice": 0.9231889312271097,
                    "FN": 2055,
                    "FP": 49852,
                    "IoU": 0.8573360341467839,
                    "TN": 44987071,
                    "TP": 311934,
                    "n_pred": 361786,
                    "n_ref": 313989
                },
                "3": {
                    "Dice": 0.9181610508280982,
                    "FN": 1912,
                    "FP": 954,
                    "IoU": 0.8487040067571134,
                    "TN": 45331969,
                    "TP": 16077,
                    "n_pred": 17031,
                    "n_ref": 17989
                },
                "4": {
                    "Dice": 0.933306472832522,
                    "FN": 7925,
                    "FP": 8297,
                    "IoU": 0.8749527854648608,
                    "TN": 45221185,