{
    "foreground_mean": {
        "Dice": 0.8800974982238086,
        "FN": 8412.25,
        "FP": 12858.75,
        "IoU": 0.7928792895652627,
        "TN": 48682170.4,
        "TP": 107771.4,
        "n_pred": 120630.15,
        "n_ref": 116183.65
    },
    "mean": {
        "1": {
            "Dice": 0.7831205557537266,
            "FN": 4311.2,
            "FP": 3782.0,
            "IoU": 0.6505872928982431,
            "TN": 48786926.8,
            "TP": 16192.8,
            "n_pred": 19974.8,
            "n_ref": 20504.0
        },
        "2": {
            "Dice": 0.9144949651562116,
            "FN": 19631.0,
            "FP": 39268.4,
            "IoU": 0.844746799209011,
            "TN": 48446471.4,
            "TP": 305842.0,
            "n_pred": 345110.4,
            "n_ref": 325473.0
        },
        "3": {
            "Dice": 0.8958056173254946,
            "FN": 1691.6,
            "FP": 2390.6,
            "IoU": 0.8121797522313414,
            "TN": 48788553.4,
            "TP": 18577.2,
            "n_pred": 20967.8,
            "n_ref": 20268.8
        },
        "4": {
            "Dice": 0.9269688546598017,
            "FN": 8015.2,
            "FP": 5994.0,
            "IoU": 0.8640033139224551,
            "TN": 48706730.0,
            "TP": 90473.6,
            "n_pred": 96467.6,
            "n_ref": 98488.8
        }
    },
    "metric_per_case": [
        {
            "metrics": {
                "1": {
                    "Dice": 0.885376,
                    "FN": 4709,
                    "FP": 2455,
                    "IoU": 0.7943270555810749,
                    "TN": 59996144,
                    "TP": 27668,
                    "n_pred": 30123,
                    "n_ref": 32377
                },
                "2": {
                    "Dice": 0.9552310105260833,
                    "FN": 19708,
                    "FP": 12718,
                    "IoU": 0.9142987781510251,
                    "TN": 59652615,
                    "TP": 345935,
                    "n_pred": 358653,
                    "n_ref": 365643
                },
                "3": {
                    "Dice": 0.9353162748408884,
                    "FN": 3205,
                    "FP": 779,
                    "IoU": 0.8784921312675369,
                    "TN": 59998188,
                    "TP": 28804,
                    "n_pred": 29583,
                    "n_ref": 32009
                },
                "4": {
                    "Dice": 0.9428757259001161,
                    "FN": 5074,
                    "FP": 7222,
                    "IoU": 0.8919251492006012,
                    "TN": 59917203,
                    "TP": 101477,
                    "n_pred": 108699,
                    "n_ref": 106551
                }
            },
            "prediction_file": "/home/kdignumsepu/AI4MI/data/nnUNet_dataset/nnUNet_raw/nnUNet_raw_data/Dataset055_SegTHOR_Corrected_GT/preditctions/Dice_loss/Patient_01.nii.gz",
            "reference_file": "/home/kdignumsepu/AI4MI/data/nnUNet_dataset/nnUNet_raw/nnUNet_raw_data/Dataset055_SegTHOR_Corrected_GT/labelsTs/Patient_01.nii.gz"
        },
        {
            "metrics": {
                "1": {
                    "Dice": 0.7976449507231537,
                    "FN": 3480,
                    "FP": 4425,
                    "IoU": 0.6634021715988929,
                    "TN": 52143171,
                    "TP": 15580,
                    "n_pred": 20005,
                    "n_ref": 19060
                },
                "2": {
                    "Dice": 0.9062068409981772,
                    "FN": 28736,
                    "FP": 43455,
                    "IoU": 0.82849927661384,
                    "TN": 51745719,
                    "TP": 348746,
                    "n_pred": 392201,
                    "n_ref": 377482
                },
                "3": {
                    "Dice": 0.9012388437458372,
                    "FN": 545,
                    "FP": 3162,
                    "IoU": 0.8202318025314,
                    "TN": 52146035,
                    "TP": 16914,
                    "n_pred": 20076,
                    "n_ref": 17459
                },
                "4": {
                    "Dice": 0.9236750055346469,
                    "FN": 15624,
                    "FP": 1614,
                    "IoU": 0.8581748173500955,
                    "TN": 52045112,
                    "TP": 104306,
                    "n_pred": 105920,
                    "n_ref": 119930
                }
            },
            "prediction_file": "/home/kdignumsepu/AI4MI/data/nnUNet_dataset/nnUNet_raw/nnUNet_raw_data/Dataset055_SegTHOR_Corrected_GT/preditctions/Dice_loss/Patient_06.nii.gz",
            "reference_file": "/home/kdignumsepu/AI4MI/data/nnUNet_dataset/nnUNet_raw/nnUNet_raw_data/Dataset055_SegTHOR_Corrected_GT/labelsTs/Patient_06.nii.gz"
        },
        {
            "metrics": {
                "1": {
                    "Dice": 0.6418652057586953,
                    "FN": 4950,
                    "FP": 6294,
                    "IoU": 0.4726078799249531,
                    "TN": 44805304,
                    "TP": 10076,
                    "n_pred": 16370,
                    "n_ref": 15026
                },
                "2": {
                    "Dice": 0.9341626730538359,
                    "FN": 16131,
                    "FP": 17486,
                    "IoU": 0.8764589580760863,
                    "TN": 44554512,
                    "TP": 238495,
                    "n_pred": 255981,
                    "n_ref": 254626
                },
                "3": {
                    "Dice": 0.8937238493723849,
                    "FN": 714,
                    "FP": 3223,
                    "IoU": 0.8078668683812406,
                    "TN": 44806133,
                    "TP": 16554,
                    "n_pred": 19777,
                    "n_ref": 17268
                },
                "4": {
                    "Dice": 0.9231905550522508,
                    "FN": 4550,
                    "FP": 8761,
                    "IoU": 0.8573388350034832,
                    "TN": 44733319,
                    "TP": 79994,
                    "n_pred": 88755,
                    "n_ref": 84544
                }
            },
            "prediction_file": "/home/kdignumsepu/AI4MI/data/nnUNet_dataset/nnUNet_raw/nnUNet_raw_data/Dataset055_SegTHOR_Corrected_GT/preditctions/Dice_loss/Patient_08.nii.gz",
            "reference_file": "/home/kdignumsepu/AI4MI/data/nnUNet_dataset/nnUNet_raw/nnUNet_raw_data/Dataset055_SegTHOR_Corrected_GT/labelsTs/Patient_08.nii.gz"
        },
        {
            "metrics": {
                "1": {
                    "Dice": 0.8257148469287539,
                    "FN": 3280,
                    "FP": 2931,
                    "IoU": 0.7031638310074556,
                    "TN": 45329988,
                    "TP": 14713,
                    "n_pred": 17644,
                    "n_ref": 17993
                },
                "2": {
                    "Dice": 0.8433132260251818,
                    "FN": 2440,
                    "FP": 113331,
                    "IoU": 0.729076570251802,
                    "TN": 44923592,
                    "TP": 311549,
                    "n_pred": 424880,
                    "n_ref": 313989
                },
                "3": {
                    "Dice": 0.8904841307972755,
                    "FN": 2235,
                    "FP": 1640,
                    "IoU": 0.8025880075398645,
                    "TN": 45331283,
                    "TP": 15754,
                    "n_pred": 17394,
                    "n_ref": 17989
                },
                "4": {
                    "Dice": 0.9282367244328134,
                    "FN": 8814,
                    "FP": 8599,
                    "IoU": 0.8660837197855863,
                    "TN": 45220883,